/* Populates the library database.
 *
  * Lab Assignment #3
 */

INSERT INTO author VALUES
(101, 'Bobby', 'Ewing'),
(102, 'Red', 'Skelton'),
(201, 'Thomas', 'Magnum'),
(202, 'Julie', 'Barnes'),
(203, 'Roger', 'Ramjet'),
(204, 'Mickey', 'Hart'),
(205, 'Grace', 'Slick'),
(206, 'Perry', 'Mason'),
(207, 'Dickey', 'Betts'),
(208, 'Waco', 'Kid'),
(209, 'Roger', 'Thornhill'),
(210, 'Scottie', 'Ferguson'),
(301, 'Barbara', 'Wright'),
(302, 'John', 'Crichton'),
(303, 'Aeon', 'Flux'),
(304, 'Robert', 'Crawley');

INSERT INTO publisher VALUES
(10000, 'Wiley'),
(10001, 'McGraw-Hill'),
(10002, 'Coyote Publishing'),
(10003, 'Amazon'),
(10004, 'Jerrys Ice Cream'),
(10005, 'Buy a Boat'),
(10006, 'Flagstaff Publishing'),
(10007, 'Ram West');

INSERT INTO book VALUES
('964210310040', 'Where to Start', 2012, 10003),
('964210310054', 'Lacey Discovers Herself', 2013, 10002),
('964210310001', 'How to Grow Tomatoes', 1963, 10006),
('964210310033', 'American Football', 2011, 10006),
('964210310300', 'Eating Healthy', 1999, 10004),
('964210310502', 'Gardening Tips', 1973, 10007),
('964210310003', 'Studying is Your Friend', 1955, 10000),
('964210310005', 'Hal Finds a Home', 2001, 10003),
('964210311800', 'Blue is Your Friend', 2010, 10002),
('964210310002', 'Mr. Smith Goes to Washington', 2010, 10007),
('964210310068', 'Mr. Ed', 2009, 10001),
('964210310034', 'European Football', 2015, 10003),
('964210310604', 'Using the Library', 1993, 10003),
('964210310007', 'How to Digitally Sign', 2003, 10004),
('964210310800', 'Green is Your Friend', 2000, 10006),
('964210310006', 'Last Train to Clarksville', 1999, 10004),
('964210310206', 'Taks McGrill', 2000, 10003),
('964210310109', 'Red Burn', 2011, 10000),
('964210310093', 'Fixing Computers', 2010, 10000),
('964210311003', 'Missing Tomorrow', 2005, 10001),
('964210310709', 'Too Many Cooks', 1983, 10006),
('964210310008', 'Sam Needs a Friend', 2013, 10005),
('964210310009', 'Downton Abbey', 2005, 10002),
('964210310907', 'Cubs Win!', 2005, 10002),
('964210310022', 'Challenging Puzzles', 1988, 10001),
('964210310011', 'Database Theory', 2010, 10001),
('964210310081', 'Escape from Gilligans Island', 2009, 10000),
('964210311709', 'Green Eggs', 1983, 10003),
('964210310004', 'To Have and To Cherish', 2011, 10003),
('964210311604', 'Eating in the Fort', 1993, 10002),
('964210310401', 'How to Grow Cucumbers', 1945, 10006);

INSERT INTO library VALUES
('Main', '42 South Main', 'Fort Collins', 'CO'),
('South Park', '4000 South College', 'Fort Collins', 'CO');

INSERT INTO member VALUES
(1000, 'Wiley', 'Coyote', '1961-09-10', 'M'),
(1100, 'Bugs', 'Bunny', '1990-06-24', 'M'),
(1200, 'Olive', 'Oyl', '1989-07-19', 'F'),
(1300, 'Alice', 'Wonderland', '1989-07-19', 'F'),
(1400, 'Roger', 'Ramjet', '1985-01-13', 'M'),
(1500, 'Larry', 'Lujack', '1940-06-06', 'M'),
(1600, 'Thomas', 'Tankengine', '1991-04-01', 'M'),
(1700, 'Amber', 'Corwin', '1970-12-01', 'F'),
(1800, 'Dworkin', 'Barimen', '1950-12-02', 'M'),
(1900, 'Bel', 'Garion', '1983-01-01', 'M'),
(2000, 'Pol', 'Gara', '1963-01-10', 'F'),
(2001, 'Art', 'Clark', '2001-12-06', 'M'),
(2002, 'Edith', 'Crawley', '1962-09-04', 'F'),
(2003, 'John', 'Bates', '2001-12-12', 'M'),
(2004, 'Thomas', 'Barrow', '2005-05-05', 'M'),
(2005, 'John', 'Watson', '1975-02-22', 'M'),
(2006, 'Jim', 'Moriarty', '1967-03-12', 'M'),
(2007, 'Walter', 'White', '1983-05-14', 'M'),
(2008, 'Skyler', 'White', '1983-04-12', 'F'),
(2009, 'Dexter', 'Morgan', '1994-07-11', 'M'),
(2010, 'Rita', 'Bennett', '2001-11-12', 'F'),
(2011, 'Sun', 'Kwon', '1988-10-19', 'F'),
(2012, 'John', 'Locke', '2000-01-01', 'M'),
(2013, 'Clair', 'Littleton', '2001-02-01', 'F'),
(2015, 'Claire', 'Bennet', '2001-03-11', 'F'),
(2016, 'Mohinder', 'Suresh', '1993-04-15', 'M'),
(2017, 'Chloe', 'Sullivan', '2007-05-16', 'F'),
(2018, 'Martha', 'Kent', '1954-02-13', 'F'),
(2019, 'Paige', 'Matthews', '1977-03-16', 'F'),
(2020, 'Leo', 'Wyatt', '2000-10-01', 'M'),
(2021, 'Buffy', 'Summers', '2000-05-26', 'F'),
(2022, 'Xander', 'Harris', '2001-06-23', 'M');

INSERT INTO phone VALUES
('3035551210', 'c'),
('9705552401', 'c'),
('9705552400', 'h'),
('9705552001', 'h'),
('9705551000', 'c'),
('9705555050', 'o'),
('9705555060', 'o'),
('9705552010', 'c'),
('9705552300', 'o'),
('9705551900', 'h'),
('9705552403', 'o'),
('9705555070', 'c'),
('3035551200', 'h'),
('9705555030', 'o'),
('9705552000', 'h'),
('9705555010', 'o'),
('9705551600', 'h'),
('9705555000', 'o'),
('9705555040', 'o'),
('9705551010', 'h'),
('9705551800', 'c'),
('9705555080', 'o'),
('9705551100', 'o'),
('9705555020', 'o'),
('9705551400', 'c'),
('9705552020', 'c'),
('9705552402', 'c');

INSERT INTO library_book VALUES
('964210310001', 'Main', 1, 1, 3, 3),
('964210310002', 'Main', 1, 1, 0, 1),
('964210310003', 'Main', 1, 1, 1, 1),
('964210310004', 'Main', 1, 2, 2, 2),
('964210310005', 'Main', 1, 2, 1, 1),
('964210310006', 'Main', 1, 2, 1, 1),
('964210310007', 'Main', 1, 3, 2, 2),
('964210310008', 'Main', 1, 3, 2, 2),
('964210310009', 'Main', 1, 3, 2, 2),
('964210310011', 'Main', 1, 4, 2, 2),
('964210310022', 'Main', 1, 4, 3, 3),
('964210310033', 'Main', 1, 4, 3, 3),
('964210310034', 'Main', 2, 5, 1, 1),
('964210310040', 'Main', 2, 5, 2, 2),
('964210310054', 'Main', 2, 5, 2, 2),
('964210310068', 'Main', 2, 6, 1, 1),
('964210310081', 'Main', 2, 6, 1, 1),
('964210310093', 'Main', 2, 6, 1, 1),
('964210310109', 'Main', 2, 6, 1, 1),
('964210310206', 'Main', 2, 7, 1, 1),
('964210310300', 'Main', 2, 7, 2, 2),
('964210310401', 'Main', 2, 7, 1, 2),
('964210310502', 'Main', 2, 7, 1, 1),
('964210310604', 'Main', 2, 8, 2, 2),
('964210310709', 'Main', 2, 8, 3, 3),
('964210310800', 'Main', 2, 8, 1, 2),
('964210310907', 'Main', 2, 8, 7, 7),
('964210311003', 'Main', 2, 8, 2, 3),
('964210310001', 'South Park', 3, 8, 1, 1),
('964210310002', 'South Park', 3, 8, 1, 1),
('964210310003', 'South Park', 3, 8, 1, 1),
('964210310004', 'South Park', 3, 8, 1, 1),
('964210310005', 'South Park', 3, 8, 1, 1),
('964210310006', 'South Park', 3, 8, 1, 1),
('964210310007', 'South Park', 3, 7, 3, 3),
('964210310008', 'South Park', 3, 7, 3, 3),
('964210310009', 'South Park', 3, 7, 1, 1),
('964210310011', 'South Park', 3, 7, 1, 1),
('964210310022', 'South Park', 3, 7, 2, 2),
('964210310033', 'South Park', 3, 7, 3, 3),
('964210310040', 'South Park', 2, 4, 1, 1),
('964210310054', 'South Park', 2, 4, 1, 1),
('964210310068', 'South Park', 2, 4, 1, 1),
('964210310081', 'South Park', 2, 4, 1, 1),
('964210310093', 'South Park', 2, 4, 1, 1),
('964210310109', 'South Park', 2, 4, 1, 1),
('964210310206', 'South Park', 2, 4, 1, 1),
('964210310300', 'South Park', 2, 4, 1, 1),
('964210310401', 'South Park', 2, 3, 1, 1),
('964210310502', 'South Park', 2, 3, 1, 1),
('964210311604', 'South Park', 2, 3, 2, 2),
('964210311709', 'South Park', 2, 3, 1, 1),
('964210311800', 'South Park', 2, 3, 2, 2),
('964210310907', 'South Park', 2, 3, 7, 7),
('964210311003', 'South Park', 2, 3, 2, 2);

INSERT INTO borrowed VALUES
(1100, '964210310604', 'Main', '2016-04-13', '2016-04-17'),
(1100, '964210310604', 'Main', '2016-03-09', '2016-03-10'),
(1100, '964210310003', 'Main', '2016-03-23', '2016-03-24'),
(1100, '964210310401', 'Main', '2016-05-14', '2016-05-16'),
(1100, '964210310001', 'Main', '2016-04-27', '2016-04-30'),
(1100, '964210310040', 'Main', '2016-05-16', '2016-05-16'),
(1100, '964210310709', 'Main', '2016-05-18', '2016-05-21'),
(1100, '964210310081', 'Main', '2016-03-15', '2016-03-17'),
(1200, '964210310081', 'Main', '2016-04-10', '2016-04-16'),
(1200, '964210310093', 'Main', '2016-03-27', '2016-03-29'),
(1200, '964210310109', 'Main', '2016-04-15', '2016-04-18'),
(1300, '964210310022', 'Main', '2016-03-09', '2016-03-10'),
(1300, '964210310206', 'Main', '2016-05-11', '2016-05-14'),
(1300, '964210310007', 'Main', '2016-05-11', '2016-05-12'),
(1300, '964210310001', 'Main', '2016-03-28', '2016-04-04'),
(1300, '964210310008', 'Main', '2016-04-20', '2016-04-26'),
(1400, '964210310033', 'Main', '2016-03-26', '2016-03-29'),
(1400, '964210310800', 'Main', '2016-03-04', '2016-03-06'),
(1400, '964210310008', 'Main', '2016-05-24', '2016-05-29'),
(1400, '964210310007', 'Main', '2016-05-06', '2016-05-11'),
(1400, '964210311003', 'Main', '2016-03-05', '2016-03-10'),
(1400, '964210310022', 'Main', '2016-03-04', '2016-03-07'),
(1500, '964210310004', 'Main', '2016-05-14', '2016-05-16'),
(1500, '964210310800', 'Main', '2016-04-02', '2016-04-05'),
(1600, '964210310206', 'Main', '2016-05-21', '2016-05-27'),
(1600, '964210310002', 'Main', '2016-05-04', '2016-05-09'),
(1600, '964210310011', 'Main', '2016-03-20', '2016-03-20'),
(1600, '964210310800', 'Main', '2016-05-10', '2016-05-13'),
(1600, '964210310300', 'Main', '2016-03-22', '2016-03-24'),
(1700, '964210310040', 'Main', '2016-05-18', '2016-05-21'),
(1700, '964210310604', 'Main', '2016-04-17', '2016-04-18'),
(1700, '964210311003', 'Main', '2016-04-17', '2016-04-20'),
(1700, '964210310004', 'Main', '2016-04-05', '2016-04-11'),
(1700, '964210310081', 'Main', '2016-03-05', '2016-03-08'),
(1700, '964210310800', 'Main', '2016-04-22', '2016-04-28'),
(1800, '964210310011', 'Main', '2016-04-25', '2016-04-26'),
(1900, '964210310008', 'Main', '2016-05-01', '2016-05-01'),
(2000, '964210310093', 'Main', '2016-04-12', '2016-04-12'),
(2000, '964210310005', 'Main', '2016-05-17', '2016-05-21'),
(2000, '964210310109', 'Main', '2016-05-09', '2016-05-11'),
(2000, '964210310006', 'Main', '2016-05-08', '2016-05-11'),
(2001, '964210310040', 'Main', '2016-04-22', '2016-04-25'),
(2002, '964210310040', 'Main', '2016-05-22', '2016-05-27'),
(2002, '964210310008', 'Main', '2016-04-21', '2016-04-25'),
(2002, '964210310081', 'Main', '2016-03-04', '2016-03-06'),
(2002, '964210310006', 'Main', '2016-04-27', '2016-05-02'),
(2003, '964210310040', 'Main', '2016-04-09', '2016-04-14'),
(2003, '964210310033', 'Main', '2016-03-14', '2016-03-15'),
(2003, '964210310068', 'Main', '2016-04-12', '2016-04-16'),
(2004, '964210310800', 'Main', '2016-05-13', '2016-05-17'),
(2004, '964210310040', 'Main', '2016-04-27', '2016-05-02'),
(2004, '964210310007', 'Main', '2016-04-21', '2016-04-23'),
(2004, '964210310907', 'Main', '2016-05-09', '2016-05-10'),
(2004, '964210310800', 'Main', '2016-05-24', '2016-05-28'),
(2005, '964210310011', 'Main', '2016-04-20', '2016-04-22'),
(2006, '964210310800', 'Main', '2016-04-04', '2016-04-04'),
(2007, '964210310709', 'Main', '2016-03-13', '2016-03-17'),
(2007, '964210310033', 'Main', '2016-03-19', '2016-03-24'),
(2007, '964210310068', 'Main', '2016-04-19', '2016-04-20'),
(2008, '964210310502', 'Main', '2016-03-12', '2016-03-14'),
(2008, '964210311003', 'Main', '2016-04-04', '2016-04-08'),
(2009, '964210310022', 'Main', '2016-03-24', '2016-03-30'),
(2009, '964210310709', 'Main', '2016-04-12', '2016-04-15'),
(2009, '964210310022', 'Main', '2016-04-10', '2016-04-10'),
(2009, '964210310009', 'Main', '2016-03-20', '2016-03-22'),
(2009, '964210310033', 'Main', '2016-04-30', '2016-05-02'),
(2009, '964210310007', 'Main', '2016-03-07', '2016-03-13'),
(2009, '964210310002', 'Main', '2016-04-12', '2016-04-13'),
(2009, '964210310709', 'Main', '2016-04-30', '2016-05-03'),
(2009, '964210310054', 'Main', '2016-04-29', '2016-05-02'),
(2011, '964210310093', 'Main', '2016-04-20', '2016-04-20'),
(2011, '964210310011', 'Main', '2016-03-09', '2016-03-11'),
(2011, '964210310081', 'Main', '2016-03-15', '2016-03-20'),
(2011, '964210310800', 'Main', '2016-05-29', NULL),
(2011, '964210311003', 'Main', '2016-03-06', '2016-03-08'),
(2011, '964210310040', 'Main', '2016-03-10', '2016-03-16'),
(2012, '964210310009', 'Main', '2016-03-28', '2016-03-29'),
(2012, '964210310006', 'Main', '2016-03-24', '2016-03-28'),
(2012, '964210311003', 'Main', '2016-04-04', '2016-04-09'),
(2012, '964210310008', 'Main', '2016-04-26', '2016-04-28'),
(2012, '964210310002', 'Main', '2016-05-27', NULL),
(2013, '964210310008', 'Main', '2016-04-19', '2016-04-23'),
(2013, '964210310054', 'Main', '2016-03-26', '2016-03-29'),
(2013, '964210310033', 'Main', '2016-05-17', '2016-05-21'),
(2015, '964210310009', 'Main', '2016-03-15', '2016-03-19'),
(2016, '964210310033', 'Main', '2016-04-28', '2016-04-30'),
(2016, '964210310907', 'Main', '2016-04-22', '2016-04-28'),
(2016, '964210310206', 'Main', '2016-05-09', '2016-05-14'),
(2016, '964210310907', 'Main', '2016-03-06', '2016-03-08'),
(2016, '964210310907', 'Main', '2016-03-21', '2016-03-22'),
(2016, '964210310001', 'Main', '2016-04-07', '2016-04-08'),
(2016, '964210310206', 'Main', '2016-05-15', '2016-05-15'),
(2017, '964210310709', 'Main', '2016-04-20', '2016-04-25'),
(2017, '964210310300', 'Main', '2016-05-20', '2016-05-26'),
(2017, '964210310093', 'Main', '2016-03-19', '2016-03-23'),
(2017, '964210310300', 'Main', '2016-05-01', '2016-05-05'),
(2017, '964210310004', 'Main', '2016-03-14', '2016-03-16'),
(2018, '964210310033', 'Main', '2016-03-05', '2016-03-07'),
(2018, '964210310004', 'Main', '2016-03-25', '2016-03-27'),
(2018, '964210310907', 'Main', '2016-03-16', '2016-03-20'),
(2018, '964210310008', 'Main', '2016-05-10', '2016-05-10'),
(2018, '964210310033', 'Main', '2016-04-01', '2016-04-07'),
(2018, '964210310300', 'Main', '2016-04-05', '2016-04-10'),
(2018, '964210310206', 'Main', '2016-03-05', '2016-03-11'),
(2018, '964210310709', 'Main', '2016-04-20', '2016-04-25'),
(2018, '964210310206', 'Main', '2016-05-12', '2016-05-17'),
(2019, '964210310009', 'Main', '2016-03-11', '2016-03-12'),
(2020, '964210310022', 'Main', '2016-04-09', '2016-04-10'),
(2020, '964210310206', 'Main', '2016-05-13', '2016-05-18'),
(2020, '964210310093', 'Main', '2016-04-08', '2016-04-12'),
(2020, '964210310401', 'Main', '2016-05-29', NULL),
(2021, '964210310033', 'Main', '2016-03-14', '2016-03-16'),
(2021, '964210310001', 'Main', '2016-05-21', '2016-05-26'),
(2021, '964210310054', 'Main', '2016-04-29', '2016-04-30'),
(2022, '964210310009', 'Main', '2016-03-25', '2016-03-29'),
(2022, '964210310011', 'Main', '2016-05-03', '2016-05-06'),
(2022, '964210310109', 'Main', '2016-04-16', '2016-04-21'),
(2022, '964210311003', 'Main', '2016-06-01', NULL),
(2022, '964210310081', 'Main', '2016-03-26', '2016-03-30'),
(2022, '964210310093', 'Main', '2016-03-27', '2016-03-29'),
(2022, '964210310502', 'Main', '2016-03-26', '2016-04-01'),
(2022, '964210310003', 'Main', '2016-05-06', '2016-05-09');

INSERT INTO author_book VALUES
(203, '964210310003'),
(202, '964210310034'),
(210, '964210310008'),
(201, '964210310604'),
(304, '964210310109'),
(101, '964210310081'),
(208, '964210310011'),
(209, '964210310004'),
(202, '964210310033'),
(201, '964210311604'),
(102, '964210310002'),
(301, '964210310800'),
(101, '964210310006'),
(202, '964210310502'),
(301, '964210311800'),
(302, '964210311800'),
(207, '964210310011'),
(301, '964210310206'),
(303, '964210310709'),
(302, '964210310800'),
(302, '964210310004'),
(207, '964210311003'),
(302, '964210310007'),
(210, '964210310068'),
(203, '964210310040'),
(203, '964210310022'),
(204, '964210310005'),
(208, '964210310001'),
(303, '964210311709'),
(202, '964210310054'),
(204, '964210310081'),
(201, '964210310709'),
(102, '964210310093'),
(205, '964210311003'),
(208, '964210310300'),
(101, '964210310401'),
(206, '964210311003'),
(304, '964210310004'),
(210, '964210310206'),
(203, '964210310401'),
(201, '964210310003'),
(101, '964210310001'),
(201, '964210310054'),
(207, '964210310300'),
(301, '964210310008'),
(204, '964210311003'),
(301, '964210310907'),
(102, '964210310007'),
(208, '964210310109'),
(201, '964210311709'),
(209, '964210310008'),
(102, '964210310907'),
(201, '964210310502'),
(304, '964210310009'),
(205, '964210310040');

INSERT INTO author_phone VALUES
(101, '9705551000'),
(101, '9705551010'),
(102, '9705551100'),
(201, '3035551200'),
(202, '3035551200'),
(202, '3035551210'),
(203, '9705551400'),
(205, '9705551600'),
(206, '9705551600'),
(207, '9705551800'),
(208, '9705551900'),
(209, '9705552000'),
(209, '9705552010'),
(210, '9705552001'),
(301, '9705552020'),
(302, '9705552300'),
(303, '9705552400'),
(303, '9705552401'),
(303, '9705552403'),
(304, '9705552400'),
(304, '9705552402'),
(304, '9705552403');

INSERT INTO publisher_phone VALUES
(10000, '9705555000'),
(10001, '9705555010'),
(10002, '9705555020'),
(10003, '9705555030'),
(10004, '9705555040'),
(10005, '9705555050'),
(10006, '9705555060'),
(10006, '9705555070'),
(10007, '9705555080');
